{"Continent":2395,"Points":[[5184.3154296875,-5024.2412109375,86.35196685791],[5159.7846679688,-4886.236328125,148.27337646484],[5127.0981445312,-4739.0986328125,157.48550415039],[5105.3369140625,-4588.47265625,155.15689086914],[5110.8388671875,-4437.8310546875,136.45358276367],[5131.9106445312,-4289.48046875,126.25411987305],[5162.9990234375,-4142.7016601562,118.82007598877],[5228.7822265625,-4007.5612792969,140.27435302734],[5293.7446289062,-3872.5961914062,169.9366607666],[5354.1005859375,-3734.9636230469,173.16157531738],[5449.9409179688,-3619.8662109375,164.17170715332],[5601.697265625,-3616.7600097656,153.13549804688],[5750.6694335938,-3638.0070800781,129.49339294434],[5873.072265625,-3725.8505859375,137.7993927002],[6003.6376953125,-3799.8217773438,143.44570922852],[6154.978515625,-3819.0434570312,138.48440551758],[6304.6806640625,-3846.7758789062,138.68476867676],[6435.5859375,-3927.4204101562,141.74520874023],[6538.509765625,-4040.9934082031,143.68762207031],[6661.8837890625,-4127.7373046875,145.30709838867],[6806.037109375,-4162.537109375,180.7257232666],[6891.9741210938,-4044.2106933594,229.11262512207],[6955.55859375,-3907.9060058594,248.60227966309],[7086.4150390625,-3830.6611328125,243.38932800293],[7234.96875,-3852.1574707031,213.16146850586],[7384.0424804688,-3859.7629394531,183.10366821289],[7533.541015625,-3840.0036621094,169.25323486328],[7680.12890625,-3807.1091308594,164.81903076172],[7827.9130859375,-3780.1135253906,145.04312133789],[7981.3466796875,-3776.6311035156,151.22554016113],[8126.79296875,-3777.4575195312,190.88319396973],[8275.388671875,-3781.2065429688,217.86109924316],[8425.716796875,-3788.4609375,210.12031555176],[8565.6748046875,-3746.8740234375,172.91246032715],[8699.0224609375,-3684.9423828125,132.38032531738],[8785.9658203125,-3560.5485839844,119.47648620605],[8893.2958984375,-3454.0100097656,124.07278442383],[9024.326171875,-3383.6899414062,146.92034912109],[9162.5869140625,-3447.9560546875,149.95054626465],[9252.595703125,-3569.9189453125,150.95614624023],[9293.3212890625,-3715.6245117188,149.58905029297],[9333.9169921875,-3863.2028808594,147.80110168457],[9378.16015625,-4008.8959960938,143.21298217773],[9406.837890625,-4157.3999023438,138.35227966309],[9428.2900390625,-4308.5415039062,136.04315185547],[9419.4462890625,-4459.9028320312,126.20417022705],[9410.265625,-4611.3286132812,116.36009979248],[9393.7236328125,-4762.271484375,106.50414276123],[9375.4990234375,-4911.9770507812,96.717971801758],[9356.423828125,-5062.8823242188,105.93244934082],[9291.9462890625,-5191.98046875,153.64526367188],[9197.810546875,-5308.537109375,181.49838256836],[9196.6650390625,-5459.8979492188,182.1138458252],[9137.443359375,-5597.837890625,182.91798400879],[8999.35546875,-5656.671875,192.86674499512],[8849.7880859375,-5667.9404296875,188.47639465332],[8710.939453125,-5725.33203125,166.10633850098],[8567.9736328125,-5768.0258789062,141.75527954102],[8418.208984375,-5770.1118164062,112.40688323975],[8270.912109375,-5788.2485351562,88.785781860352],[8123.6640625,-5755.9721679688,88.870422363281],[7974.0107421875,-5747.84375,100.80696868896],[7862.1196289062,-5658.1708984375,150.53437805176],[7737.9057617188,-5601.3120117188,213.25204467773],[7658.3896484375,-5473.2006835938,212.53622436523],[7542.5883789062,-5380.2822265625,190.7713470459],[7415.3334960938,-5304.6650390625,154.4147644043],[7265.7426757812,-5320.3984375,132.6833190918],[7122.7529296875,-5286.1713867188,170.11682128906],[6981.1430664062,-5304.8466796875,218.50621032715],[6832.2255859375,-5325.8759765625,230.92024230957],[6705.3188476562,-5409.001953125,228.45649719238],[6569.0014648438,-5472.5478515625,247.14952087402],[6447.7348632812,-5564.1948242188,246.99578857422],[6302.1240234375,-5598.9326171875,232.63888549805],[6185.1552734375,-5502.7768554688,232.28778076172],[6038.9848632812,-5508.1235351562,188.54614257812]]}