{"Continent":2552,
"Points":[[3121.4382324219,-4668.7827148438,66.112701416016,150],
[3121.7897949219,-4668.8442382812,66.031219482422,150],
[2098.880859375,-3828.9780273438,101.62976074219,150],
[1414.1611328125,-2919.509765625,72.740074157715,150],
[1653.2449951172,-2407.0017089844,89.167869567871,150],
[1643.4493408203,-2407.3815917969,87.32396697998,150],
[1629.2429199219,-2404.9020996094,89.397819519043,150],
[1619.4475097656,-2404.7568359375,104.10443115234,150],
[1613.7973632812,-2410.2639160156,113.96681976318,150],
[1615.7513427734,-2422.2221679688,125.35308074951,150],
[1623.3077392578,-2433.3813476562,131.61819458008,150],
[1644.6239013672,-2421.7944335938,150.22993469238,150]]}